frame,cumulative_responded_observed,cumulative_responded_logistic,cumulative_responded_gompertz,cumulative_responded_fitted,selected_model
0.0,1.0,1.1935942939254887,6.534205590264976e-06,1.1935942939254887,logistic
1.0,1.0,1.2060585536197346,7.366165995425345e-06,1.2060585536197346,logistic
2.0,1.0,1.218652617122385,8.29744625610478e-06,1.218652617122385,logistic
3.0,1.0,1.2313778287514867,9.339076477930935e-06,1.2313778287514867,logistic
4.0,1.0,1.244235546590776,1.050321448672441e-05,1.244235546590776,logistic
5.0,1.0,1.2572271426273371,1.1803250437745974e-05,1.2572271426273371,logistic
6.0,1.0,1.270354002890575,1.3253920038489231e-05,1.270354002890575,logistic
7.0,1.0,1.2836175275925046,1.4871426991932618e-05,1.2836175275925046,logistic
8.0,2.0,1.2970191312693662,1.6673575301155186e-05,1.2970191312693662,logistic
9.0,2.0,1.3105602429245882,1.8679912111435987e-05,1.3105602429245882,logistic
10.0,2.0,1.324242306173088,2.0911881802378306e-05,1.324242306173088,logistic
11.0,2.0,1.3380667793869485,2.3392992080227565e-05,1.3380667793869485,logistic
12.0,2.0,1.3520351358424598,2.614899285935561e-05,1.3520351358424598,logistic
13.0,2.0,1.3661488638685482,2.9208068761860262e-05,1.3661488638685482,logistic
14.0,2.0,1.3804094669966065,3.260104610533745e-05,1.3804094669966065,logistic
15.0,2.0,1.3948184641117165,3.636161529109626e-05,1.3948184641117165,logistic
16.0,2.0,1.4093773896053072,4.0526569548369565e-05,1.4093773896053072,logistic
17.0,2.0,1.4240877935292358,4.513606103438669e-05,1.4240877935292358,logistic
18.0,2.0,1.4389512417513064,5.02338753354472e-05,1.4389512417513064,logistic
19.0,2.0,1.453969316112254,5.5867725460346505e-05,1.453969316112254,logistic
20.0,2.0,1.469143614584179,6.208956646456717e-05,1.469143614584179,logistic
21.0,2.0,1.4844757514304678,6.895593189148879e-05,1.4844757514304678,logistic
22.0,2.0,1.4999673573672005,7.652829326544557e-05,1.4999673573672005,logistic
23.0,2.0,1.5156200797260548,8.487344392065674e-05,1.5156200797260548,logistic
24.0,2.0,1.5314355826187307,9.406390849978352e-05,1.5314355826187307,logistic
25.0,2.0,1.547415547102885,0.00010417837950606243,1.547415547102885,logistic
26.0,2.0,1.5635616713496132,0.00011530218234348405,1.5635616713496132,logistic
27.0,2.0,1.579875670812477,0.000127527770330258,1.579875670812477,logistic
28.0,2.0,1.5963592783980844,0.00014095525122165815,1.5963592783980844,logistic
29.0,2.0,1.6130142446382563,0.00015569294682922288,1.6130142446382563,logistic
30.0,2.0,1.6298423378637554,0.0001718579873740049,1.6298423378637554,logistic
31.0,2.0,1.6468453443796305,0.00018957694226198624,1.6468453443796305,logistic
32.0,2.0,1.6640250686421598,0.00020898648901979987,1.6640250686421598,logistic
33.0,2.0,1.6813833334374135,0.000230234122178337,1.6813833334374135,logistic
34.0,2.0,1.6989219800614517,0.0002534789039404833,1.6989219800614517,logistic
35.0,3.0,1.7166428685021713,0.0002788922585170284,1.7166428685021713,logistic
36.0,3.0,1.7345478776227932,0.0003066588120615245,1.7345478776227932,logistic
37.0,3.0,1.7526389053470406,0.0003369772801802685,1.7526389053470406,logistic
38.0,3.0,1.7709178688459797,0.00037006140503765406,1.7709178688459797,logistic
39.0,3.0,1.789386704726573,0.00040614094411949226,1.789386704726573,logistic
40.0,3.0,1.808047369221917,0.0004454627127575121,1.808047369221917,logistic
41.0,3.0,1.8269018383832156,0.000488291682556749,1.8269018383832156,logistic
42.0,4.0,1.8459521082734796,0.0005349121379039139,1.8459521082734796,logistic
43.0,4.0,1.865200195162966,0.0005856288927687648,1.865200195162966,logistic
44.0,4.0,1.8846481357263762,0.000640768570041711,1.8846481357263762,logistic
45.0,4.0,1.9042979872418286,0.0007006809456793934,1.9042979872418286,logistic
46.0,4.0,1.9241518277915954,0.0007657403599553854,1.9241518277915954,logistic
47.0,4.0,1.94421175646465,0.0008363471981351938,1.94421175646465,logistic
48.0,4.0,1.9644798935610106,0.0009129294429134643,1.9644798935610106,logistic
49.0,4.0,1.98495838079791,0.0009959443009662713,1.98495838079791,logistic
50.0,5.0,2.005649381517784,0.0010858799059822691,2.005649381517784,logistic
51.0,5.0,2.0265550808981123,0.0011832571005435835,2.0265550808981123,logistic
52.0,5.0,2.0476776861631154,0.0012886312992297611,2.0476776861631154,logistic
53.0,5.0,2.069019426797317,0.0014025944353163267,2.069019426797317,logistic
54.0,5.0,2.090582554760983,0.0015257769934325554,2.090582554760983,logistic
55.0,6.0,2.11236934470747,0.0016588501305317633,2.11236934470747,logistic
56.0,6.0,2.134382094202453,0.0018025278875103898,2.134382094202453,logistic
57.0,6.0,2.156623123945098,0.0019575694937902224,2.156623123945098,logistic
58.0,6.0,2.179094777991145,0.002124781767150482,2.179094777991145,logistic
59.0,6.0,2.2017994239779535,0.0023050216110633375,2.2017994239779535,logistic
60.0,6.0,2.2247394533514813,0.0024991986117471063,2.2247394533514813,logistic
61.0,6.0,2.2479172815952473,0.0027082777371064863,2.2479172815952473,logistic
62.0,6.0,2.27133534846127,0.002933282139678008,2.27133534846127,logistic
63.0,6.0,2.294996118202998,0.0031752960656410622,2.294996118202998,logistic
64.0,6.0,2.3189020798102393,0.0034354678718911736,2.3189020798102393,logistic
65.0,6.0,2.343055747246124,0.003715013153101896,2.343055747246124,logistic
66.0,6.0,2.367459659686075,0.004015217980624146,2.367459659686075,logistic
67.0,6.0,2.392116381758833,0.004337442254988447,2.392116381758833,logistic
68.0,6.0,2.4170285037895334,0.0046831231736850845,2.4170285037895334,logistic
69.0,6.0,2.4421986420448416,0.005053778815799235,2.4421986420448416,logistic
70.0,6.0,2.467629438980182,0.005451011844974484,2.467629438980182,logistic
71.0,6.0,2.4933235634890294,0.005876513332066496,2.4933235634890294,logistic
72.0,6.0,2.519283711154325,0.0063320666987311085,2.519283711154325,logistic
73.0,6.0,2.5455126045019933,0.006819551783065188,2.5455126045019933,logistic
74.0,6.0,2.572012993256586,0.007340949028287561,2.572012993256586,logistic
75.0,6.0,2.5987876545990676,0.007898343795308403,2.5987876545990676,logistic
76.0,6.0,2.6258393934267317,0.008493930799889467,2.6258393934267317,logistic
77.0,6.0,2.6531710426152926,0.00913001867494579,2.6531710426152926,logistic
78.0,6.0,2.680785463283141,0.009809034658380344,2.680785463283141,logistic
79.0,6.0,2.7086855450577745,0.010533529406678545,2.7086855450577745,logistic
80.0,6.0,2.73687420634444,0.011306181934315825,2.73687420634444,logistic
81.0,6.0,2.765354394596947,0.012129804678856552,2.765354394596947,logistic
82.0,7.0,2.794129086590726,0.013007348691435444,2.794129086590726,logistic
83.0,7.0,2.823201288698094,0.013941908952125132,2.823201288698094,logistic
84.0,7.0,2.8525740371657573,0.014936729809496556,2.8525740371657573,logistic
85.0,7.0,2.882250398394577,0.015995210543479653,2.882250398394577,logistic
86.0,7.0,2.912233469221554,0.01712091105042301,2.912233469221554,logistic
87.0,7.0,2.942526377204119,0.01831755764904379,2.942526377204119,logistic
88.0,7.0,2.9731322809066754,0.01958904900573991,2.9731322809066754,logistic
89.0,7.0,3.0040543701894338,0.020939462177519796,3.0040543701894338,logistic
90.0,7.0,3.035295866499554,0.02237305877057842,3.035295866499554,logistic
91.0,7.0,3.0668600231645633,0.02389429121232332,3.0668600231645633,logistic
92.0,7.0,3.098750125688123,0.0255078091344211,3.098750125688123,logistic
93.0,7.0,3.130969492048093,0.02721846586420177,3.130969492048093,logistic
94.0,8.0,3.1635214729969436,0.02903132502152372,3.1635214729969436,logistic
95.0,8.0,3.1964094523645,0.030951667217959618,3.1964094523645,logistic
96.0,8.0,3.229636847363052,0.0329849968549275,3.229636847363052,logistic
97.0,8.0,3.2632071088947914,0.035137049017145545,3.2632071088947914,logistic
98.0,8.0,3.297123721861647,0.03741379645755041,3.297123721861647,logistic
99.0,8.0,3.3313902054774727,0.03982145666957063,3.3313902054774727,logistic
100.0,8.0,3.3660101135826412,0.042366499042410896,3.3660101135826412,logistic
101.0,8.0,3.4009870349609894,0.045055652094750244,3.4009870349609894,logistic
102.0,8.0,3.4363245936591915,0.047895910782026326,3.4363245936591915,logistic
103.0,9.0,3.472026449308526,0.05089454387222702,3.472026449308526,logistic
104.0,9.0,3.508096297449046,0.054059101384881465,3.508096297449046,logistic
105.0,9.0,3.5445378698561676,0.0573974220876986,3.5445378698561676,logistic
106.0,9.0,3.581354934869695,0.06091764104507015,3.581354934869695,logistic
107.0,9.0,3.618551297725239,0.06462819721243017,3.618551297725239,logistic
108.0,9.0,3.6561308008881013,0.06853784107022629,3.6561308008881013,logistic
109.0,10.0,3.6940973243895736,0.07265564229104549,3.6940973243895736,logistic
110.0,10.0,3.7324547861657082,0.07699099743321264,3.7324547861657082,logistic
111.0,10.0,3.771207142398488,0.0815536376539767,3.771207142398488,logistic
112.0,10.0,3.810358387859491,0.08635363643517764,3.810358387859491,logistic
113.0,10.0,3.849912556255986,0.09140141731410867,3.849912556255986,logistic
114.0,10.0,3.889873720579493,0.09670776161207274,3.889873720579493,logistic
115.0,10.0,3.930245993456798,0.10228381615296171,3.930245993456798,logistic
116.0,10.0,3.9710335275034443,0.10814110096399794,3.9710335275034443,logistic
117.0,10.0,4.01224051567966,0.11429151695061847,4.01224051567966,logistic
118.0,10.0,4.053871191648784,0.12074735353730393,4.053871191648784,logistic
119.0,10.0,4.095929830138129,0.12752129626601166,4.095929830138129,logistic
120.0,10.0,4.138420747302352,0.1346264343437348,4.138420747302352,logistic
121.0,10.0,4.1813483010892405,0.1420762681305518,4.1813483010892405,logistic
122.0,10.0,4.224716891608008,0.1498847165594316,4.224716891608008,logistic
123.0,10.0,4.268530961500041,0.15806612447892848,4.268530961500041,logistic
124.0,10.0,4.3127949963121095,0.16663526990980976,4.3127949963121095,logistic
125.0,10.0,4.357513524872046,0.17560737120655112,4.357513524872046,logistic
126.0,10.0,4.402691119666896,0.18499809411457668,4.402691119666896,logistic
127.0,10.0,4.448332397223493,0.19482355871402618,4.448332397223493,logistic
128.0,10.0,4.494442018491533,0.20510034624079512,4.494442018491533,logistic
129.0,10.0,4.541024689229063,0.21584550577553535,4.541024689229063,logistic
130.0,10.0,4.588085160390456,0.22707656079128352,4.588085160390456,logistic
131.0,10.0,4.635628228516775,0.23881151555035005,4.635628228516775,logistic
132.0,10.0,4.683658736128623,0.2510688613411011,4.683658736128623,logistic
133.0,10.0,4.732181572121393,0.2638675825452844,4.732181572121393,logistic
134.0,10.0,4.781201672162951,0.2772271625265424,4.781201672162951,logistic
135.0,10.0,4.830724019093725,0.29116758933080694,4.830724019093725,logistic
136.0,10.0,4.880753643329226,0.30570936118931724,4.880753643329226,logistic
137.0,10.0,4.931295623264917,0.32087349181504693,4.931295623264917,logistic
138.0,10.0,4.98235508568352,0.33668151548340663,4.98235508568352,logistic
139.0,10.0,5.033937206164664,0.3531554918881775,5.033937206164664,logistic
140.0,10.0,5.086047209496931,0.37031801076372484,5.086047209496931,logistic
141.0,10.0,5.138690370092205,0.38819219626464535,5.138690370092205,logistic
142.0,10.0,5.19187201240242,0.4068017110941456,5.19187201240242,logistic
143.0,10.0,5.245597511338585,0.4261707603725769,5.245597511338585,logistic
144.0,10.0,5.299872292692154,0.4463240952376865,5.299872292692154,logistic
145.0,10.0,5.354701833558671,0.4672870161683517,5.354701833558671,logistic
146.0,10.0,5.410091662763701,0.48908537602369573,5.410091662763701,logistic
147.0,10.0,5.466047361291042,0.511745582789699,5.466047361291042,logistic
148.0,10.0,5.522574562713139,0.53529460202561,5.522574562713139,logistic
149.0,10.0,5.57967895362376,0.5597599590026988,5.57967895362376,logistic
150.0,10.0,5.637366274072877,0.5851697405280726,5.637366274072877,logistic
151.0,10.0,5.695642318003701,0.6115525964465556,5.695642318003701,logistic
152.0,10.0,5.754512933691906,0.6389377408138733,5.754512933691906,logistic
153.0,10.0,5.813984024186986,0.6673549527346284,5.813984024186986,logistic
154.0,10.0,5.874061547755725,0.6968345768588202,5.874061547755725,logistic
155.0,10.0,5.9347515183277535,0.727407523530978,5.9347515183277535,logistic
156.0,10.0,5.996060005943169,0.7591052685862246,5.996060005943169,logistic
157.0,10.0,6.0579931372022156,0.7919598527879032,6.0579931372022156,logistic
158.0,10.0,6.120557095716921,0.826003880901721,6.120557095716921,logistic
159.0,10.0,6.183758122564766,0.861270520401663,6.183758122564766,logistic
160.0,10.0,6.247602516744256,0.8977934998032538,6.247602516744256,logistic
161.0,10.0,6.312096635632457,0.9356071066201064,6.312096635632457,logistic
162.0,10.0,6.377246895444351,0.9747461849399872,6.377246895444351,logistic
163.0,10.0,6.443059771694094,1.015246132617023,6.443059771694094,logistic
164.0,11.0,6.509541799658053,1.0571428980770166,6.509541799658053,logistic
165.0,11.0,6.576699574839628,1.1004729767331443,6.576699574839628,logistic
166.0,11.0,6.644539753435798,1.1452734070097839,6.644539753435798,logistic
167.0,11.0,6.713069052805403,1.191581765972456,6.713069052805403,logistic
168.0,11.0,6.782294251938997,1.2394361645623533,6.782294251938997,logistic
169.0,11.0,6.852222191930399,1.288875242434234,6.852222191930399,logistic
170.0,12.0,6.922859776449756,1.3399381623968643,6.922859776449756,logistic
171.0,12.0,6.994213972218163,1.392664604455573,6.994213972218163,logistic
172.0,12.0,7.066291809483709,1.4470947594568795,7.066291809483709,logistic
173.0,12.0,7.139100382498989,1.5032693223355018,7.139100382498989,logistic
174.0,12.0,7.2126468499999765,1.5612294849644983,7.2126468499999765,logistic
175.0,12.0,7.286938435686211,1.6210169286096252,7.286938435686211,logistic
176.0,12.0,7.361982428702253,1.6826738159894257,7.361982428702253,logistic
177.0,12.0,7.437786184120381,1.7462427829429321,7.437786184120381,logistic
178.0,12.0,7.514357123424382,1.8117669297072254,7.514357123424382,logistic
179.0,12.0,7.591702734994492,1.879289811807552,7.591702734994492,logistic
180.0,12.0,7.6698305745933455,1.9488554305629928,7.6698305745933455,logistic
181.0,12.0,7.748748265852931,2.0205082232111056,7.748748265852931,logistic
182.0,12.0,7.8284635007623855,2.094293052655365,7.8284635007623855,logistic
183.0,12.0,7.908984040156704,2.170255196839498,7.908984040156704,logistic
184.0,12.0,7.990317714206179,2.2484403377533124,7.990317714206179,logistic
185.0,12.0,8.07247242290655,2.3288945500748737,8.07247242290655,logistic
186.0,12.0,8.155456136569809,2.4116642894542792,8.155456136569809,logistic
187.0,12.0,8.23927689631552,2.496796380444636,8.23927689631552,logistic
188.0,12.0,8.323942814562653,2.584338004086235,8.323942814562653,logistic
189.0,12.0,8.40946207552179,2.6743366851501094,8.40946207552179,logistic
190.0,12.0,8.495842935687687,2.7668402790477233,8.495842935687687,logistic
191.0,12.0,8.583093724332047,2.8618969584136145,8.583093724332047,logistic
192.0,12.0,8.671222843996455,2.959555199368364,8.671222843996455,logistic
193.0,12.0,8.760238770985373,3.0598637674693836,8.760238770985373,logistic
194.0,12.0,8.850150055859107,3.1628717033574207,8.850150055859107,logistic
195.0,12.0,8.940965323926699,3.268628308106981,8.940965323926699,logistic
196.0,12.0,9.032693275738533,3.377183128289036,9.032693275738533,logistic
197.0,12.0,9.12534268757869,3.488585940754822,9.12534268757869,logistic
198.0,12.0,9.21892241195691,3.6028867371496758,9.21892241195691,logistic
199.0,13.0,9.313441378099963,3.720135708166098,9.313441378099963,logistic
200.0,13.0,9.408908592442513,3.8403832275456233,9.408908592442513,logistic
201.0,13.0,9.50533313911718,3.9636798358391254,9.50533313911718,logistic
202.0,13.0,9.6027241804438,4.0900762239355055,9.6027241804438,logistic
203.0,13.0,9.70109095741778,4.219623216368958,9.70109095741778,logistic
204.0,13.0,9.800442790197321,4.352371754415061,9.800442790197321,logistic
205.0,13.0,9.900789078589527,4.4883728789863335,9.900789078589527,logistic
206.0,14.0,10.002139302535213,4.6276777133378655,10.002139302535213,logistic
207.0,14.0,10.10450302259225,4.77033744559395,10.10450302259225,logistic
208.0,15.0,10.207889880417424,4.916403311106697,10.207889880417424,logistic
209.0,15.0,10.31230959924658,5.065926574657862,10.31230959924658,logistic
210.0,16.0,10.417771984372967,5.218958512515069,10.417771984372967,logistic
211.0,16.0,10.524286923623672,5.375550394353987,10.524286923623672,logistic
212.0,16.0,10.631864387833906,5.535753465057765,10.631864387833906,logistic
213.0,16.0,10.740514431319163,5.6996189264055666,10.740514431319163,logistic
214.0,16.0,10.850247192344913,5.867197918661721,10.850247192344913,logistic
215.0,16.0,10.961072893593851,6.0385415020772735,10.961072893593851,logistic
216.0,16.0,11.073001842630466,6.213700638315785,11.073001842630466,logistic
217.0,16.0,11.18604443236275,6.39272617181525,11.18604443236275,logistic
218.0,16.0,11.300211141500998,6.575668811097884,11.300211141500998,logistic
219.0,16.0,11.415512535013399,6.7625791100398915,11.415512535013399,logistic
220.0,16.0,11.531959264578362,6.953507449112906,11.531959264578362,logistic
221.0,16.0,11.649562069033388,7.148504016609194,11.649562069033388,logistic
222.0,16.0,11.76833177482023,7.347618789862425,11.76833177482023,logistic
223.0,16.0,11.888279296426305,7.550901516475837,11.888279296426305,logistic
224.0,16.0,12.009415636822071,7.758401695569732,12.009415636822071,logistic
225.0,16.0,12.13175188789421,7.970168559060021,12.13175188789421,logistic
226.0,16.0,12.255299230874506,8.186251052979474,12.255299230874506,logistic
227.0,16.0,12.380068936764065,8.40669781885348,12.380068936764065,logistic
228.0,16.0,12.506072366752896,8.631557175141706,12.506072366752896,logistic
229.0,16.0,12.633320972634435,8.860877098757227,12.633320972634435,logistic
230.0,16.0,12.761826297214984,9.094705206674538,12.761826297214984,logistic
231.0,17.0,12.891599974717796,9.33308873763753,12.891599974717796,logistic
232.0,17.0,13.022653731181522,9.576074533978804,13.022653731181522,logistic
233.0,17.0,13.154999384852985,9.823709023561088,13.154999384852985,logistic
234.0,17.0,13.288648846573826,10.076038201851796,13.288648846573826,logistic
235.0,17.0,13.423614120161036,10.333107614141412,13.423614120161036,logistic
236.0,17.0,13.559907302780987,10.594962337916096,13.559907302780987,logistic
237.0,17.0,13.697540585316792,10.86164696539511,13.697540585316792,logistic
238.0,17.0,13.836526252728735,11.133205586243218,13.836526252728735,logistic
239.0,17.0,13.976876684407591,11.409681770467918,13.976876684407591,logistic
240.0,17.0,14.118604354520478,11.691118551511613,14.118604354520478,logistic
241.0,17.0,14.261721832349158,11.977558409548147,14.261721832349158,logistic
242.0,17.0,14.406241782620322,12.269043254993239,14.406241782620322,logistic
243.0,17.0,14.55217696582782,12.565614412238057,14.55217696582782,logistic
244.0,17.0,14.69954023854643,12.867312603614817,14.69954023854643,logistic
245.0,17.0,14.848344553736922,13.174177933603298,14.848344553736922,logistic
246.0,17.0,14.99860296104222,13.486249873286903,14.99860296104222,logistic
247.0,17.0,15.150328607074282,13.803567245066242,15.150328607074282,logistic
248.0,17.0,15.303534735691473,14.126168207638822,15.303534735691473,logistic
249.0,17.0,15.458234688266208,14.454090241252159,15.458234688266208,logistic
250.0,17.0,15.614441903942389,14.787370133238298,15.614441903942389,logistic
251.0,17.0,15.772169919882591,15.126043963836869,15.772169919882591,logistic
252.0,17.0,15.931432371504448,15.470147092313738,15.931432371504448,logistic
253.0,17.0,16.092242992706133,15.819714143382187,16.092242992706133,logistic
254.0,17.0,16.254615616080525,16.174778993933135,16.254615616080525,logistic
255.0,17.0,16.418564173117723,16.535374760080533,16.418564173117723,logistic
256.0,17.0,16.5841026943957,16.90153378452826,16.5841026943957,logistic
257.0,17.0,16.751245309758644,17.273287624263855,16.751245309758644,logistic
258.0,17.0,16.92000624848274,17.650667038584988,16.92000624848274,logistic
259.0,17.0,17.09039983942904,18.033701977463554,17.09039983942904,logistic
260.0,17.0,17.262440511183037,18.422421570252386,17.262440511183037,logistic
261.0,17.0,17.436142792180718,18.81685411473941,17.436142792180718,logistic
262.0,17.0,17.61152131082055,19.217027066553246,17.61152131082055,logistic
263.0,17.0,17.788590795561245,19.622967028924748,17.788590795561245,logistic
264.0,17.0,17.96736607500484,20.03469974280811,17.96736607500484,logistic
265.0,17.0,18.1478620779647,20.452250077364905,18.1478620779647,logistic
266.0,17.0,18.330093833518177,20.87564202081468,18.330093833518177,logistic
267.0,17.0,18.514076471043435,21.3048986716548,18.514076471043435,logistic
268.0,17.0,18.69982522024013,21.74004223025238,18.69982522024013,logistic
269.0,17.0,18.88735541113359,22.1810939908107,18.88735541113359,logistic
270.0,17.0,19.07668247406195,22.62807433371226,19.07668247406195,logistic
271.0,17.0,19.26782193964607,23.08100271824037,19.26782193964607,logistic
272.0,17.0,19.46078943874159,23.53989767568102,19.46078943874159,logistic
273.0,17.0,19.655600702372954,24.00477680280601,19.655600702372954,logistic
274.0,17.0,19.852271561648816,24.475656755739003,19.852271561648816,logistic
275.0,17.0,20.050817947658434,24.952553244204804,20.050817947658434,logistic
276.0,18.0,20.251255891348748,25.4354810261627,20.251255891348748,logistic
277.0,18.0,20.45360152338158,25.924453902824222,20.45360152338158,logistic
278.0,18.0,20.657871073970544,26.41948471405512,20.657871073970544,logistic
279.0,18.0,20.86408087269735,26.920585334161668,20.86408087269735,logistic
280.0,18.0,21.072247348306835,27.427766668060777,21.072247348306835,logistic
281.0,19.0,21.282387028480496,27.941038647833075,21.282387028480496,logistic
282.0,19.0,21.494516539588002,28.460410229658237,21.494516539588002,logistic
283.0,19.0,21.70865260641604,28.98588939113144,21.70865260641604,logistic
284.0,20.0,21.92481205187441,29.517483128959274,21.92481205187441,logistic
285.0,21.0,22.14301179667849,30.05519745703399,22.14301179667849,logistic
286.0,21.0,22.363268859007896,30.59903740488376,22.363268859007896,logistic
287.0,21.0,22.585600354140762,31.149007016497272,22.585600354140762,logistic
288.0,22.0,22.81002349406305,31.70510934952032,22.81002349406305,logistic
289.0,22.0,23.03655558705261,32.26734647482168,23.03655558705261,logistic
290.0,22.0,23.265214037237296,32.83571947642623,23.265214037237296,logistic
291.0,22.0,23.496016344126776,33.41022845181163,23.496016344126776,logistic
292.0,22.0,23.72898010211754,33.99087251256624,23.72898010211754,logistic
293.0,22.0,23.964122999970385,34.57764978540475,23.964122999970385,logistic
294.0,23.0,24.20146282026024,35.17055741353794,24.20146282026024,logistic
295.0,23.0,24.441017438797438,35.769591558393344,24.441017438797438,logistic
296.0,23.0,24.682804824020153,36.37474740168283,24.682804824020153,logistic
297.0,23.0,24.92684303635746,36.98601914781314,24.92684303635746,logistic
298.0,24.0,25.17315022756232,37.60340002663554,25.17315022756232,logistic
299.0,24.0,25.4217446400142,38.22688229653005,25.4217446400142,logistic
300.0,24.0,25.672644605990595,38.856457247820096,25.672644605990595,logistic
301.0,24.0,25.92586854690703,39.49211520651297,25.92586854690703,logistic
302.0,24.0,26.181434972524983,40.13384553836142,26.181434972524983,logistic
303.0,24.0,26.43936248012708,40.781636653241485,26.43936248012708,logistic
304.0,24.0,26.699669753659236,41.43547600984203,26.699669753659236,logistic
305.0,24.0,26.962375562838915,42.09535012066038,26.962375562838915,logistic
306.0,24.0,27.22749876222916,42.76124455729919,27.22749876222916,logistic
307.0,24.0,27.495058290277836,43.43314395605961,27.495058290277836,logistic
308.0,24.0,27.765073168321297,44.11103202382466,27.765073168321297,logistic
309.0,24.0,28.037562499552244,44.79489154422766,28.037562499552244,logistic
310.0,24.0,28.312545467950955,45.48470438410075,28.312545467950955,logistic
311.0,24.0,28.590041337179414,46.180451500196774,28.590041337179414,logistic
312.0,24.0,28.870069449437874,46.88211294617928,28.870069449437874,logistic
313.0,24.0,29.152649224282996,47.58966787987554,29.152649224282996,logistic
314.0,24.0,29.437800157407352,48.30309457078541,29.437800157407352,logistic
315.0,25.0,29.725541819379497,49.0223704078407,29.725541819379497,logistic
316.0,25.0,30.015893854343986,49.74747190740967,30.015893854343986,logistic
317.0,25.0,30.30887597868108,50.47837472153936,30.30887597868108,logistic
318.0,25.0,30.604507979625097,51.215053646430675,30.604507979625097,logistic
319.0,25.0,30.9028097138413,51.957482631139214,30.9028097138413,logistic
320.0,25.0,31.20380110596048,52.705634786496795,31.20380110596048,logistic
321.0,25.0,31.507502147070607,53.459482394246045,31.507502147070607,logistic
322.0,25.0,31.813932893165287,54.21899691638277,31.813932893165287,logistic
323.0,25.0,32.12311346354809,54.98414900469968,32.12311346354809,logistic
324.0,25.0,32.43506403919242,55.754908510524885,32.43506403919242,logistic
325.0,25.0,32.74980486105634,56.53124449464863,32.74980486105634,logistic
326.0,25.0,33.06735622835154,57.313125237433056,33.06735622835154,logistic
327.0,25.0,33.38773849676637,58.10051824909712,33.38773849676637,logistic
328.0,25.0,33.710972076641696,58.8933902801711,33.710972076641696,logistic
329.0,25.0,34.03707743109984,59.69170733211501,34.03707743109984,logistic
330.0,25.0,34.366075074125234,60.49543466809299,34.366075074125234,logistic
331.0,25.0,34.69798556859684,61.30453682389873,34.69798556859684,logistic
332.0,25.0,35.03282952427151,62.11897761902479,35.03282952427151,logistic
333.0,25.0,35.370627595717714,62.938720167870244,35.370627595717714,logistic
334.0,25.0,35.71140048019927,63.763726891079564,35.71140048019927,logistic
335.0,25.0,36.05516891550852,64.5939595270068,36.05516891550852,logistic
336.0,26.0,36.40195367774809,65.42937914329939,36.40195367774809,logistic
337.0,26.0,36.75177557906134,66.2699461485945,36.75177557906134,logistic
338.0,26.0,37.104655465310294,67.115620304322,37.104655465310294,logistic
339.0,26.0,37.460614213701064,67.96636073660875,37.460614213701064,logistic
340.0,26.0,37.8196727303561,68.82212594827686,37.8196727303561,logistic
341.0,26.0,38.1818519478326,69.68287383093057,38.1818519478326,logistic
342.0,26.0,38.54717282258688,70.54856167712612,38.54717282258688,logistic
343.0,26.0,38.91565633238404,71.41914619261783,38.91565633238404,logistic
344.0,26.0,39.28732347365248,72.29458350867483,39.28732347365248,logistic
345.0,26.0,39.662195258783,73.1748291944633,39.662195258783,logistic
346.0,26.0,40.04029271337166,74.05983826948726,40.04029271337166,logistic
347.0,26.0,40.42163687340638,74.94956521608306,40.42163687340638,logistic
348.0,26.0,40.80624878239652,75.84396399196146,40.80624878239652,logistic
349.0,26.0,41.19414948844527,76.74298804279255,41.19414948844527,logistic
350.0,26.0,41.585360041264366,77.64659031482662,41.585360041264366,logistic
351.0,27.0,41.9799014891306,78.55472326754658,41.9799014891306,logistic
352.0,27.0,42.37779487578404,79.46733888634658,42.37779487578404,logistic
353.0,27.0,42.779061237267406,80.38438869523104,42.779061237267406,logistic
354.0,27.0,43.183721598706164,81.3058237695287,43.183721598706164,logistic
355.0,28.0,43.59179697102946,82.23159474861777,43.59179697102946,logistic
356.0,28.0,44.00330834763086,83.16165184865554,44.00330834763086,logistic
357.0,28.0,44.41827670096938,84.09594487530848,44.41827670096938,logistic
358.0,28.0,44.83672297911,85.03442323647783,44.83672297911,logistic
359.0,28.0,45.258668102203494,85.97703595501548,45.258668102203494,logistic
360.0,28.0,45.68413295890557,86.9237316814258,45.68413295890557,logistic
361.0,29.0,46.11313840273484,87.87445870654814,46.11313840273484,logistic
362.0,29.0,46.5457052483695,88.82916497421684,46.5457052483695,logistic
363.0,29.0,46.98185426788267,89.78779809389253,46.98185426788267,logistic
364.0,29.0,47.42160618691593,90.75030535326117,47.42160618691593,logistic
365.0,29.0,47.86498168079136,91.71663373079731,47.86498168079136,logistic
366.0,29.0,48.31200137056145,92.6867299082858,48.31200137056145,logistic
367.0,29.0,48.76268581899723,93.66054028329857,48.76268581899723,logistic
368.0,30.0,49.217055526514415,94.63801098162344,49.217055526514415,logistic
369.0,31.0,49.675130927037294,95.61908786963909,49.675130927037294,logistic
370.0,32.0,50.13693238380078,96.6037165666337,50.13693238380078,logistic
371.0,32.0,50.602480185090194,97.59184245706346,50.602480185090194,logistic
372.0,32.0,51.07179453991912,98.58341070274673,51.07179453991912,logistic
373.0,32.0,51.54489557364542,99.57836625499047,51.54489557364542,logistic
374.0,32.0,52.02180332352512,100.57665386664593,52.02180332352512,logistic
375.0,32.0,52.502537734204786,101.57821810408964,52.502537734204786,logistic
376.0,32.0,52.9871186531522,102.58300335912679,52.9871186531522,logistic
377.0,32.0,53.475565826025644,103.59095386081317,53.475565826025644,logistic
378.0,32.0,53.967898891982124,104.60201368719412,53.967898891982124,logistic
379.0,32.0,54.46413737892443,105.61612677695541,54.46413737892443,logistic
380.0,32.0,54.9643006986878,106.6332369409846,54.9643006986878,logistic
381.0,32.0,55.46840814216603,107.65328787383989,55.46840814216603,logistic
382.0,32.0,55.976478874377754,108.67622316512296,55.976478874377754,logistic
383.0,32.0,56.48853192947306,109.70198631075391,56.48853192947306,logistic
384.0,32.0,57.004586205680866,110.73052072414589,57.004586205680866,logistic
385.0,32.0,57.524660460197794,111.76176974727598,57.524660460197794,logistic
386.0,32.0,58.048773304018496,112.7956766616508,58.048773304018496,logistic
387.0,33.0,58.57694319670858,113.83218469916477,58.57694319670858,logistic
388.0,34.0,59.10918844112023,114.87123705284777,59.10918844112023,logistic
389.0,35.0,59.6455271780516,115.91277688750121,59.6455271780516,logistic
390.0,36.0,60.18597738084988,116.95674735021954,60.18597738084988,logistic
391.0,36.0,60.73055684995964,118.00309158079658,60.73055684995964,logistic
392.0,36.0,61.279283207416626,119.05175272201315,61.279283207416626,logistic
393.0,38.0,61.83217389128778,120.10267392980543,61.83217389128778,logistic
394.0,38.0,62.38924615005881,121.1557983833124,62.38924615005881,logistic
395.0,38.0,62.95051703696921,122.21106929479983,62.95051703696921,logistic
396.0,38.0,63.51600340429681,123.2684299194602,63.51600340429681,logistic
397.0,39.0,64.08572189759195,124.3278235650869,64.08572189759195,logistic
398.0,40.0,64.65968894986258,125.38919360162116,64.65968894986258,logistic
399.0,40.0,65.23792077571156,126.45248347057044,65.23792077571156,logistic
400.0,42.0,65.82043336542651,127.51763669429752,65.82043336542651,logistic
401.0,42.0,66.4072424790244,128.58459688517883,66.4072424790244,logistic
402.0,42.0,66.99836364025117,129.65330775463036,66.99836364025117,logistic
403.0,44.0,67.59381213053815,130.72371312200212,67.59381213053815,logistic
404.0,44.0,68.19360298291619,131.79575692333765,68.19360298291619,logistic
405.0,45.0,68.79775097588947,132.8693832200001,68.79775097588947,logistic
406.0,45.0,69.40627062726918,133.94453620716234,69.40627062726918,logistic
407.0,45.0,70.01917618797005,135.02116022216202,70.01917618797005,logistic
408.0,45.0,70.6364816357699,136.09919975271958,70.6364816357699,logistic
409.0,45.0,71.25820066903448,137.17859944501907,71.25820066903448,logistic
410.0,45.0,71.88434670040917,138.2593041116525,71.88434670040917,logistic
411.0,47.0,72.51493285047844,139.3412587394252,72.51493285047844,logistic
412.0,47.0,73.14997194139588,140.42440849702322,73.14997194139588,logistic
413.0,47.0,73.78947649048561,141.50869874254298,73.78947649048561,logistic
414.0,47.0,74.43345870381752,142.59407503088107,74.43345870381752,logistic
415.0,47.0,75.08193046975775,143.6804831209856,75.08193046975775,logistic
416.0,47.0,75.73490335249632,144.76786898296902,75.73490335249632,logistic
417.0,47.0,76.39238858555427,145.85617880508124,76.39238858555427,logistic
418.0,48.0,77.054397065272,146.94535900054382,77.054397065272,logistic
419.0,48.0,77.72093934428064,148.03535621424544,77.72093934428064,logistic
420.0,48.0,78.39202562495956,149.12611732929844,78.39202562495956,logistic
421.0,48.0,79.0676657528804,150.21758947345668,79.0676657528804,logistic
422.0,48.0,79.74786921024194,151.3097200253946,79.74786921024194,logistic
423.0,49.0,80.43264510929647,152.40245662084894,80.43264510929647,logistic
424.0,49.0,81.12200218577064,153.49574715862175,81.12200218577064,logistic
425.0,50.0,81.81594879228348,154.58953980644614,81.81594879228348,logistic
426.0,50.0,82.51449289176287,155.6837830067157,82.51449289176287,logistic
427.0,52.0,83.21764205086451,156.77842548207602,83.21764205086451,logistic
428.0,52.0,83.92540343339451,157.8734162408813,83.92540343339451,logistic
429.0,53.0,84.63778379373908,158.96870458251487,84.63778379373908,logistic
430.0,53.0,85.35478947030367,160.06424010257484,85.35478947030367,logistic
431.0,53.0,86.07642637896394,161.15997269792513,86.07642637896394,logistic
432.0,53.0,86.80270000653175,162.25585257161393,86.80270000653175,logistic
433.0,53.0,87.53361540423879,163.35183023765782,87.53361540423879,logistic
434.0,53.0,88.26917718124048,164.4478565256946,88.26917718124048,logistic
435.0,53.0,89.00938949814353,165.54388258550435,89.00938949814353,logistic
436.0,53.0,89.75425606055909,166.6398598914003,89.75425606055909,logistic
437.0,53.0,90.50378011268567,167.73574024648963,90.50378011268567,logistic
438.0,53.0,91.25796443092392,168.83147578680493,91.25796443092392,logistic
439.0,54.0,92.01681131752677,169.92701898530913,92.01681131752677,logistic
440.0,55.0,92.78032259428792,171.022322655772,92.78032259428792,logistic
441.0,55.0,93.54849959627155,172.11733995652096,93.54849959627155,logistic
442.0,55.0,94.32134316558687,173.21202439406758,94.32134316558687,logistic
443.0,55.0,95.09885364521048,174.30632982660927,95.09885364521048,logistic
444.0,55.0,95.88103087285955,175.400210467408,95.88103087285955,logistic
445.0,55.0,96.66787417492006,176.49362088804776,96.66787417492006,logistic
446.0,55.0,97.45938236043153,177.58651602157073,97.45938236043153,logistic
447.0,55.0,98.25555371513391,178.6788511654937,98.25555371513391,logistic
448.0,55.0,99.05638599557818,179.77058198470633,99.05638599557818,logistic
449.0,56.0,99.86187642330496,180.86166451425183,99.86187642330496,logistic
450.0,56.0,100.67202167909456,181.95205516199135,100.67202167909456,logistic
451.0,56.0,101.48681789729117,183.0417107111534,101.48681789729117,logistic
452.0,57.0,102.30626066020584,184.13058832276982,102.30626066020584,logistic
453.0,57.0,103.13034499260063,185.2186455379988,103.13034499260063,logistic
454.0,57.0,103.95906535625842,186.30584028033653,103.95906535625842,logistic
455.0,57.0,104.79241564464131,187.39213085771934,104.79241564464131,logistic
456.0,57.0,105.63038917764102,188.47747596451666,105.63038917764102,logistic
457.0,58.0,106.47297869642563,189.56183468341635,106.47297869642563,logistic
458.0,60.0,107.32017635838564,190.64516648720445,107.32017635838564,logistic
459.0,60.0,108.17197373218285,191.72743124043959,108.17197373218285,logistic
460.0,61.0,109.02836179290664,192.80858920102366,109.02836179290664,logistic
461.0,61.0,109.88933091733944,193.88860102167132,109.88933091733944,logistic
462.0,62.0,110.75487087933692,194.96742775127714,110.75487087933692,logistic
463.0,62.0,111.62497084532556,196.04503083618465,111.62497084532556,logistic
464.0,62.0,112.49961936992091,197.12137212135596,112.49961936992091,logistic
465.0,64.0,113.37880439167111,198.19641385144575,113.37880439167111,logistic
466.0,64.0,114.26251322892816,199.27011867177904,114.26251322892816,logistic
467.0,64.0,115.15073257585139,200.34244962923498,115.15073257585139,logistic
468.0,64.0,116.04344849854635,201.4133701730384,116.04344849854635,logistic
469.0,65.0,116.94064643134256,202.48284415545973,116.94064643134256,logistic
470.0,65.0,117.8423111732139,203.5508358324247,117.8423111732139,logistic
471.0,65.0,118.74842688434487,204.6173098640363,118.74842688434487,logistic
472.0,65.0,119.65897708284645,205.68223131500906,119.65897708284645,logistic
473.0,65.0,120.57394464162503,206.74556565501723,120.57394464162503,logistic
474.0,65.0,121.49331178540744,207.8072787589596,121.49331178540744,logistic
475.0,65.0,122.41706008792625,208.86733690714058,122.41706008792625,logistic
476.0,67.0,123.34517046926744,209.9257067853696,123.34517046926744,logistic
477.0,67.0,124.27762319338531,210.982355484981,124.27762319338531,logistic
478.0,67.0,125.21439786578655,212.03725050277453,125.21439786578655,logistic
479.0,68.0,126.15547343138752,213.09035974087854,126.15547343138752,logistic
480.0,68.0,127.10082817254738,214.14165150653713,127.10082817254738,logistic
481.0,68.0,128.05043970728104,215.1910945118229,128.05043970728104,logistic
482.0,68.0,129.00428498765345,216.23865787327608,129.00428498765345,logistic
483.0,68.0,129.9623402983599,217.28431111147148,129.9623402983599,logistic
484.0,70.0,130.92458125549447,218.3280241505157,130.92458125549447,logistic
485.0,70.0,131.89098280550925,219.36976731747447,131.89098280550925,logistic
486.0,70.0,132.86151922436804,220.40951134173207,132.86151922436804,logistic
487.0,70.0,133.83616411689601,221.44722735428488,133.83616411689601,logistic
488.0,70.0,134.8148904163293,222.48288688696928,134.8148904163293,logistic
489.0,72.0,135.79767038406604,223.51646187162535,135.79767038406604,logistic
490.0,73.0,136.7844756096222,224.5479246391993,136.7844756096222,logistic
491.0,73.0,137.77527701079416,225.5772479187834,137.77527701079416,logistic
492.0,73.0,138.77004483402996,226.60440483659698,138.77004483402996,logistic
493.0,73.0,139.76874865501262,227.629368914908,139.76874865501262,logistic
494.0,73.0,140.7713573794566,228.6521140708984,140.7713573794566,logistic
495.0,74.0,141.77783924412006,229.67261461547253,141.77783924412006,logistic
496.0,75.0,142.78816181803452,230.69084525201137,142.78816181803452,logistic
497.0,76.0,143.8022920039539,231.7067810750734,143.8022920039539,logistic
498.0,78.0,144.82019604002468,232.72039756904283,144.82019604002468,logistic
499.0,78.0,145.84183950167915,233.73167060672714,145.84183950167915,logistic
500.0,80.0,146.8671873037524,234.74057644790554,146.8671873037524,logistic
501.0,81.0,147.8962037028258,235.74709173782784,147.8962037028258,logistic
502.0,82.0,148.92885229979652,236.75119350566663,148.92885229979652,logistic
503.0,83.0,149.96509604267607,237.752859162924,149.96509604267607,logistic
504.0,84.0,151.0048972296176,238.7520665017925,151.0048972296176,logistic
505.0,85.0,152.04821751217364,239.7487936934729,152.04821751217364,logistic
506.0,85.0,153.0950178987848,240.74301928644937,153.0950178987848,logistic
507.0,85.0,154.14525875849986,241.7347222047237,154.14525875849986,logistic
508.0,87.0,155.19889982492847,242.7238817460088,155.19889982492847,logistic
509.0,88.0,156.2559002004264,243.7104775798833,156.2559002004264,logistic
510.0,88.0,157.31621836051337,244.69448974590895,157.31621836051337,logistic
511.0,89.0,158.3798121585248,245.67589865171027,158.3798121585248,logistic
512.0,89.0,159.4466388304954,246.65468507101897,159.4466388304954,logistic
513.0,89.0,160.51665500027707,247.63083014168413,160.51665500027707,logistic
514.0,89.0,161.58981668488863,248.6043153636482,161.58981668488863,logistic
515.0,89.0,162.6660793000981,249.57512259689096,162.6660793000981,logistic
516.0,91.0,163.74539766623707,250.5432340593421,163.74539766623707,logistic
517.0,92.0,164.82772601424554,251.50863232476348,164.82772601424554,logistic
518.0,92.0,165.9130179919474,252.4713003206017,165.9130179919474,logistic
519.0,93.0,167.00122667055524,253.4312213258129,167.00122667055524,logistic
520.0,97.0,168.09230455140283,254.38837896866002,168.09230455140283,logistic
521.0,97.0,169.1862035729053,255.34275722448353,169.1862035729053,logistic
522.0,98.0,170.28287511774337,256.2943404134472,170.28287511774337,logistic
523.0,100.0,171.3822700202731,257.2431131982592,171.3822700202731,logistic
524.0,103.0,172.48433857415637,258.1890605818704,172.48433857415637,logistic
525.0,103.0,173.58903054021235,259.1321679051489,173.58903054021235,logistic
526.0,104.0,174.6962951544876,260.0724208445343,174.6962951544876,logistic
527.0,105.0,175.8060811365409,261.00980540967095,175.8060811365409,logistic
528.0,106.0,176.91833669794337,261.9443079410209,176.91833669794337,logistic
529.0,106.0,178.03300955098908,262.87591510745864,178.03300955098908,logistic
530.0,106.0,179.15004691761445,263.80461390384767,179.15004691761445,logistic
531.0,106.0,180.2693955385243,264.7303916485996,180.2693955385243,logistic
532.0,109.0,181.3910016825199,265.6532359812174,181.3910016825199,logistic
533.0,110.0,182.51481115602786,266.5731348598231,182.51481115602786,logistic
534.0,111.0,183.64076931282574,267.4900765586701,183.64076931282574,logistic
535.0,111.0,184.7688210639611,268.40404966564336,184.7688210639611,logistic
536.0,111.0,185.89891088786112,269.31504307974444,185.89891088786112,logistic
537.0,113.0,187.03098284062767,270.223046008566,187.03098284062767,logistic
538.0,113.0,188.1649805665163,271.12804796575324,188.1649805665163,logistic
539.0,114.0,189.30084730859375,272.0300387684567,189.30084730859375,logistic
540.0,115.0,190.43852591956986,272.9290085347725,190.43852591956986,logistic
541.0,115.0,191.57795887280162,273.82494768117544,191.57795887280162,logistic
542.0,115.0,192.71908827346215,274.7178469199422,192.71908827346215,logistic
543.0,116.0,193.86185586987287,275.6076972565674,193.86185586987287,logistic
544.0,116.0,195.0062030649935,276.49448998717224,195.0062030649935,logistic
545.0,117.0,196.15207092806426,277.37821669590653,196.15207092806426,logistic
546.0,118.0,197.2994002063976,278.25886925234494,197.2994002063976,logistic
547.0,120.0,198.44813133731222,279.1364398088784,198.44813133731222,logistic
548.0,120.0,199.59820446020663,280.0109207981003,199.59820446020663,logistic
549.0,121.0,200.74955942876576,280.88230493018983,200.74955942876576,logistic
550.0,121.0,201.9021358232962,281.75058519029056,201.9021358232962,logistic
551.0,124.0,203.05587296318402,282.61575483588757,203.05587296318402,logistic
552.0,124.0,204.21070991947158,283.47780739418215,204.21070991947158,logistic
553.0,125.0,205.3665855275448,284.3367366594646,205.3665855275448,logistic
554.0,125.0,206.52343839992895,285.1925366904866,206.52343839992895,logistic
555.0,126.0,207.68120693918493,286.04520180783254,207.68120693918493,logistic
556.0,127.0,208.83982935090071,286.8947265912921,208.83982935090071,logistic
557.0,130.0,209.9992436567738,287.741105877232,209.9992436567738,logistic
558.0,132.0,211.1593877077756,288.58433475597036,211.1593877077756,logistic
559.0,132.0,212.32019919739588,289.4244085691521,212.32019919739588,logistic
560.0,133.0,213.48161567495782,290.26132290712604,213.48161567495782,logistic
561.0,133.0,214.64357455900017,291.09507360632637,214.64357455900017,logistic
562.0,133.0,215.8060131507188,291.92565674665525,215.8060131507188,logistic
563.0,136.0,216.96886864746187,292.7530686488705,216.96886864746187,logistic
564.0,136.0,218.13207815627365,293.57730587197705,218.13207815627365,logistic
565.0,136.0,219.29557870747917,294.3983652106224,219.29557870747917,logistic
566.0,137.0,220.45930726830406,295.2162436924979,220.45930726830406,logistic
567.0,138.0,221.6232007565245,296.03093857574476,221.6232007565245,logistic
568.0,138.0,222.78719605413835,296.8424473463662,222.78719605413835,logistic
569.0,139.0,223.95123002105422,297.650767715646,223.95123002105422,logistic
570.0,140.0,225.11523950878978,298.455897617573,225.11523950878978,logistic
571.0,140.0,226.27916137417444,299.25783520627334,226.27916137417444,logistic
572.0,141.0,227.4429324930497,300.05657885344993,227.4429324930497,logistic
573.0,141.0,228.60648977396002,300.85212714582906,228.60648977396002,logistic
574.0,141.0,229.7697701718292,301.64447888261594,229.7697701718292,logistic
575.0,143.0,230.93271070161543,302.4336330729582,230.93271070161543,logistic
576.0,143.0,232.0952484519381,303.2195889334181,232.0952484519381,logistic
577.0,143.0,233.25732059867184,304.0023458854543,233.25732059867184,logistic
578.0,144.0,234.41886441849894,304.7819035529125,234.41886441849894,logistic
579.0,147.0,235.57981730241644,305.5582617595264,235.57981730241644,logistic
580.0,147.0,236.74011676919076,306.33142052642773,236.74011676919076,logistic
581.0,148.0,237.89970047875275,307.1013800696681,237.89970047875275,logistic
582.0,151.0,239.05850624552957,307.86814079774985,239.05850624552957,logistic
583.0,151.0,240.21647205170407,308.63170330916887,240.21647205170407,logistic
584.0,151.0,241.37353606039898,309.39206838996813,241.37353606039898,logistic
585.0,153.0,242.52963662877747,310.1492370113029,242.52963662877747,logistic
586.0,154.0,243.6847123210559,310.9032103270168,243.6847123210559,logistic
587.0,156.0,244.83870192142228,311.65398967123105,244.83870192142228,logistic
588.0,156.0,245.99154444685416,312.4015765559447,245.99154444685416,logistic
589.0,157.0,247.14317915983173,313.14597266864774,247.14317915983173,logistic
590.0,157.0,248.29354558093954,313.8871798699469,248.29354558093954,logistic
591.0,157.0,249.4425835013514,314.62520019120365,249.4425835013514,logistic
592.0,160.0,250.5902329951943,315.3600358321855,250.5902329951943,logistic
593.0,163.0,251.7364344317833,316.091689158731,251.7364344317833,logistic
594.0,164.0,252.88112848772616,316.8201627004274,252.88112848772616,logistic
595.0,165.0,254.0242561588891,317.5454591483016,254.0242561588891,logistic
596.0,166.0,255.16575877222064,318.26758135252567,255.16575877222064,logistic
597.0,168.0,256.3055779974284,318.98653232013623,256.3055779974284,logistic
598.0,168.0,257.4436558585029,319.7023152127667,257.4436558585029,logistic
599.0,168.0,258.579934745086,320.41493334439497,258.579934745086,logistic
600.0,168.0,259.71435742367726,321.1243901791053,259.71435742367726,logistic
601.0,169.0,260.84686704867477,321.83068932886374,260.84686704867477,logistic
602.0,169.0,261.97740717324666,322.5338345513093,261.97740717324666,logistic
603.0,169.0,263.105921760028,323.23382974755947,263.105921760028,logistic
604.0,172.0,264.23235519163984,323.9306789600298,264.23235519163984,logistic
605.0,174.0,265.35665228102647,324.62438637027026,265.35665228102647,logistic
606.0,174.0,266.47875828160676,325.31495629681507,266.47875828160676,logistic
607.0,176.0,267.59861889723675,326.0023931930482,267.59861889723675,logistic
608.0,176.0,268.71618029197845,326.6867016450847,268.71618029197845,logistic
609.0,180.0,269.8313890996731,327.36788636966673,269.8313890996731,logistic
610.0,181.0,270.9441924333156,328.04595221207506,270.9441924333156,logistic
611.0,184.0,272.0545378942251,328.7209041440574,272.0545378942251,logistic
612.0,187.0,273.1623735810121,329.39274726177024,273.1623735810121,logistic
613.0,189.0,274.26764809833526,330.0614867837386,274.26764809833526,logistic
614.0,189.0,275.3703105654495,330.72712804882957,275.3703105654495,logistic
615.0,191.0,276.4703106245393,331.3896765142436,276.4703106245393,logistic
616.0,191.0,277.56759844883766,332.0491377535202,277.56759844883766,logistic
617.0,193.0,278.66212475052623,332.70551745456004,278.66212475052623,logistic
618.0,193.0,279.7538407884163,333.3588214176637,279.7538407884163,logistic
619.0,197.0,280.8426983754074,334.00905555358554,280.8426983754074,logistic
620.0,197.0,281.92864988572325,334.6562258816043,281.92864988572325,logistic
621.0,200.0,283.01164826192183,335.3003385276094,283.01164826192183,logistic
622.0,202.0,284.0916470216797,335.9413997222039,284.0916470216797,logistic
623.0,202.0,285.1686002643475,336.5794157988226,285.1686002643475,logistic
624.0,202.0,286.2424626772772,337.214393191868,286.2424626772772,logistic
625.0,202.0,287.3131895419193,337.84633843486125,287.3131895419193,logistic
626.0,203.0,288.38073673968825,338.4752581586091,288.38073673968825,logistic
627.0,205.0,289.4450607575975,339.1011590893886,289.4450607575975,logistic
628.0,206.0,290.5061186936618,339.72404804714637,290.5061186936618,logistic
629.0,207.0,291.56386826206636,340.34393194371495,291.56386826206636,logistic
630.0,208.0,292.61826779810383,340.9608177810457,292.61826779810383,logistic
631.0,209.0,293.66927626287776,341.57471264945747,293.66927626287776,logistic
632.0,211.0,294.71685324777303,342.18562372590145,294.71685324777303,logistic
633.0,211.0,295.760958978694,342.7935582722425,295.760958978694,logistic
634.0,211.0,296.80155432006825,343.3985236335567,296.80155432006825,logistic
635.0,211.0,297.8386007786198,344.00052723644535,297.8386007786198,logistic
636.0,212.0,298.87206050690946,344.5995765873642,298.87206050690946,logistic
637.0,212.0,299.9018963066443,345.1956792709703,299.9018963066443,logistic
638.0,213.0,300.928071631757,345.78884294848376,300.928071631757,logistic
639.0,214.0,301.9505505912553,346.37907535606627,301.9505505912553,logistic
640.0,218.0,302.9692979518432,346.96638430321536,302.9692979518432,logistic
641.0,219.0,303.9842791403148,347.5507776711753,303.9842791403148,logistic
642.0,219.0,304.9954602457224,348.1322634113629,304.9954602457224,logistic
643.0,220.0,306.00280802131994,348.71084954381075,306.00280802131994,logistic
644.0,223.0,307.00628988628273,349.28654415562505,307.00628988628273,logistic
645.0,224.0,308.00587392720615,349.85935539946036,308.00587392720615,logistic
646.0,226.0,309.0015288993849,350.4292914920093,309.0015288993849,logistic
647.0,227.0,309.9932242278733,350.996360712509,309.9932242278733,logistic
648.0,228.0,310.980930008331,351.5605714012624,310.980930008331,logistic
649.0,229.0,311.9646170076526,352.12193195817576,311.9646170076526,logistic
650.0,230.0,312.9442566643875,352.68045084131177,312.9442566643875,logistic
651.0,233.0,313.9198210889491,353.23613656545814,313.9198210889491,logistic
652.0,235.0,314.89128306361613,353.78899770071183,314.89128306361613,logistic
653.0,236.0,315.8586160423306,354.3390428710784,315.8586160423306,logistic
654.0,238.0,316.8217941502911,354.8862807530874,316.8217941502911,logistic
655.0,239.0,317.7807921833484,355.43072007442225,317.7807921833484,logistic
656.0,239.0,318.7355856072022,355.9723696125664,318.7355856072022,logistic
657.0,242.0,319.6861505564041,356.51123819346367,319.6861505564041,logistic
658.0,243.0,320.6324638331687,357.04733469019476,320.6324638331687,logistic
659.0,243.0,321.5745029059956,357.58066802166775,321.5745029059956,logistic
660.0,245.0,322.5122459081056,358.1112471513244,322.5122459081056,logistic
661.0,247.0,323.44567163569405,358.6390810858612,323.44567163569405,logistic
662.0,248.0,324.37475954600393,359.16417887396483,324.37475954600393,logistic
663.0,249.0,325.29948975522274,359.686549605063,325.29948975522274,logistic
664.0,254.0,326.2198430362047,360.2062024080898,326.2198430362047,logistic
665.0,255.0,327.1358008160239,360.7231464502652,327.1358008160239,logistic
666.0,259.0,328.04734517335874,361.2373909358898,328.04734517335874,logistic
667.0,260.0,328.9544588357141,361.7489451051535,328.9544588357141,logistic
668.0,264.0,329.8571251764815,362.25781823295864,329.8571251764815,logistic
669.0,265.0,330.75532821184294,362.7640196277579,330.75532821184294,logistic
670.0,265.0,331.6490525975212,363.2675586304056,331.6490525975212,logistic
671.0,267.0,332.5382836253789,363.76844461302363,332.5382836253789,logistic
672.0,270.0,333.42300721987164,364.2666869778814,333.42300721987164,logistic
673.0,272.0,334.30320993435765,364.7622951562898,334.30320993435765,logistic
674.0,276.0,335.17887894726744,365.25527860750833,335.17887894726744,logistic
675.0,278.0,336.05000205813707,365.74564681766697,336.05000205813707,logistic
676.0,280.0,336.91656768350936,366.233409298701,336.91656768350936,logistic
677.0,282.0,337.7785648527051,366.71857558730034,337.7785648527051,logistic
678.0,283.0,338.63598320347035,367.20115524387046,338.63598320347035,logistic
679.0,283.0,339.4888129774994,367.6811578515093,339.4888129774994,logistic
680.0,283.0,340.33704501584185,368.1585930149954,340.33704501584185,logistic
681.0,289.0,341.1806707541935,368.63347035978995,341.1806707541935,logistic
682.0,292.0,342.0196822180765,369.1057995310526,342.0196822180765,logistic
683.0,294.0,342.85407201791264,369.5755901926692,342.85407201791264,logistic
684.0,295.0,343.6838333439916,370.0428520262932,343.6838333439916,logistic
685.0,295.0,344.50895996133977,370.50759473039966,344.50895996133977,logistic
686.0,296.0,345.32944620449234,370.9698280193522,345.32944620449234,logistic
687.0,298.0,346.14528697217185,371.4295616224819,346.14528697217185,logistic
688.0,298.0,346.9564777218777,371.88680528318014,346.9564777218777,logistic
689.0,298.0,347.7630144643892,372.3415687580023,347.7630144643892,logistic
690.0,298.0,348.564893758186,372.793861815785,348.564893758186,logistic
691.0,300.0,349.3621127037906,373.24369423677507,349.3621127037906,logistic
692.0,301.0,350.1546689380341,373.69107581177065,350.1546689380341,logistic
693.0,301.0,350.94256062825093,374.1360163412746,350.94256062825093,logistic
694.0,301.0,351.72578646640403,374.5785256346601,351.72578646640403,logistic
695.0,301.0,352.5043456631459,375.0186135093471,352.5043456631459,logistic
696.0,304.0,353.27823794181745,375.4562897899922,353.27823794181745,logistic
697.0,305.0,354.0474635323879,375.89156430768827,354.0474635323879,logistic
698.0,306.0,354.81202316534063,376.3244468991776,354.81202316534063,logistic
699.0,308.0,355.5719180655067,376.75494740607485,355.5719180655067,logistic
700.0,309.0,356.32714994584904,377.1830756741025,356.32714994584904,logistic
701.0,309.0,357.0777210012032,377.6088415523371,357.0777210012032,logistic
702.0,310.0,357.82363390197366,378.032254892467,357.82363390197366,logistic
703.0,311.0,358.5648917877931,378.45332554806055,358.5648917877931,logistic
704.0,312.0,359.3014982611448,378.8720633738464,359.3014982611448,logistic
705.0,313.0,360.03345738095175,379.2884782250033,360.03345738095175,logistic
706.0,315.0,360.7607736561371,379.70257995646216,360.7607736561371,logistic
707.0,315.0,361.4834520391569,380.1143784222172,361.4834520391569,logistic
708.0,318.0,362.2014979195086,380.52388347464955,362.2014979195086,logistic
709.0,320.0,362.91491711722006,380.93110496385975,362.91491711722006,logistic
710.0,321.0,363.62371587631793,381.3360527370114,363.62371587631793,logistic
711.0,322.0,364.327900858283,381.7387366376852,364.327900858283,logistic
712.0,322.0,365.02747913549064,382.1391665052428,365.02747913549064,logistic
713.0,325.0,365.72245818464336,382.5373521742013,365.72245818464336,logistic
714.0,328.0,366.41284588019437,382.93330347361683,366.41284588019437,logistic
715.0,331.0,367.0986504877667,383.3270302264795,367.0986504877667,logistic
716.0,331.0,367.7798806575708,383.71854224911675,367.7798806575708,logistic
717.0,334.0,368.45654541782164,384.10784935060724,368.45654541782164,logistic
718.0,334.0,369.1286541681583,384.49496133220424,369.1286541681583,logistic
719.0,336.0,369.79621667307,384.8798879867685,369.79621667307,logistic
720.0,336.0,370.45924305532736,385.26263909821034,370.45924305532736,logistic
721.0,337.0,371.11774378942556,385.6432244409416,371.11774378942556,logistic
722.0,337.0,371.7717296950378,386.02165377933636,371.7717296950378,logistic
723.0,338.0,372.4212119304836,386.3979368672013,372.4212119304836,logistic
724.0,339.0,373.0662019862135,386.7720834472546,373.0662019862135,logistic
725.0,340.0,373.7067116783109,387.14410325061425,373.7067116783109,logistic
726.0,343.0,374.3427531420159,387.5140059962949,374.3427531420159,logistic
727.0,346.0,374.97433882526997,387.8818013907138,374.97433882526997,logistic
728.0,347.0,375.6014814822853,388.2474991272055,375.6014814822853,logistic
729.0,348.0,376.2241941671409,388.61110888554475,376.2241941671409,logistic
730.0,348.0,376.8424902274051,388.97264033147815,376.8424902274051,logistic
731.0,349.0,377.4563832977889,389.3321031162644,377.4563832977889,logistic
732.0,351.0,378.06588729383003,389.6895068762226,378.06588729383003,logistic
733.0,354.0,378.6710164056104,390.04486123228884,378.6710164056104,logistic
734.0,354.0,379.27178509150747,390.3981757895815,379.27178509150747,logistic
735.0,354.0,379.8682080719824,390.74946013697337,379.8682080719824,logistic
736.0,355.0,380.4603003234054,391.09872384667335,380.4603003234054,logistic
737.0,356.0,381.04807707192026,391.4459764738147,381.04807707192026,logistic
738.0,357.0,381.63155378734933,391.79122755605187,381.63155378734933,logistic
739.0,358.0,382.2107461771404,392.1344866131646,382.2107461771404,logistic
740.0,358.0,382.78567018035636,392.4757631466701,382.78567018035636,logistic
741.0,361.0,383.3563419617096,392.8150666394425,383.3563419617096,logistic
742.0,362.0,383.92277790564174,393.1524065553397,383.92277790564174,logistic
743.0,362.0,384.48499461045014,393.48779233883783,384.48499461045014,logistic
744.0,362.0,385.04300888246195,393.82123341467275,385.04300888246195,logistic
745.0,365.0,385.59683773025756,394.15273918748903,385.59683773025756,logistic
746.0,366.0,386.1464983589432,394.48231904149577,386.1464983589432,logistic
747.0,367.0,386.6920081644749,394.8099823401299,386.6920081644749,logistic
748.0,367.0,387.23338472803425,395.1357384257258,387.23338472803425,logistic
749.0,367.0,387.7706458104564,395.4595966191923,387.7706458104564,logistic
750.0,369.0,388.30380934671183,395.78156621969663,388.30380934671183,logistic
751.0,369.0,388.832893440442,396.10165650435425,388.832893440442,logistic
752.0,369.0,389.35791635855037,396.4198767279263,389.35791635855037,logistic
753.0,370.0,389.87889652584926,396.736236122523,389.87889652584926,logistic
754.0,371.0,390.3958525197625,397.0507438973139,390.3958525197625,logistic
755.0,372.0,390.9088030650854,397.363409238244,390.9088030650854,logistic
756.0,372.0,391.41776702880196,397.6742413077569,391.41776702880196,logistic
757.0,374.0,391.92276341496137,397.9832492445236,391.92276341496137,logistic
758.0,375.0,392.4238113596112,398.290442163178,392.4238113596112,logistic
759.0,376.0,392.92093012579113,398.5958291540576,392.92093012579113,logistic
760.0,376.0,393.4141390985859,398.8994192829518,393.4141390985859,logistic
761.0,377.0,393.9034577802378,399.20122159085406,393.9034577802378,logistic
762.0,377.0,394.3889057853193,399.5012450937221,394.3889057853193,logistic
763.0,379.0,394.87050283596756,399.7994987822421,394.87050283596756,logistic
764.0,382.0,395.3482687571776,400.0959916215997,395.3482687571776,logistic
765.0,384.0,395.8222234721589,400.39073255125606,395.8222234721589,logistic
766.0,384.0,396.29238699775163,400.6837304847304,396.29238699775163,logistic
767.0,385.0,396.7587794399053,400.9749943093866,396.7587794399053,logistic
768.0,385.0,397.22142098921915,401.2645328862265,397.22142098921915,logistic
769.0,387.0,397.6803319165435,401.5523550496881,397.6803319165435,logistic
770.0,388.0,398.13553256864446,401.83846960744916,398.13553256864446,logistic
771.0,388.0,398.58704336392924,402.12288534023554,398.58704336392924,logistic
772.0,389.0,399.0348847882345,402.4056110016356,399.0348847882345,logistic
773.0,389.0,399.4790773906762,402.686655317919,399.4790773906762,logistic
774.0,391.0,399.91964177956186,402.96602698786063,399.91964177956186,logistic
775.0,395.0,400.3565986183646,403.2437346825698,400.3565986183646,logistic
776.0,396.0,400.7899686217595,403.51978704532394,400.7899686217595,logistic
777.0,397.0,401.2197725517213,403.79419269140755,401.2197725517213,logistic
778.0,397.0,401.64603121368435,404.0669602079553,401.64603121368435,logistic
779.0,398.0,402.0687654527641,404.33809815380056,402.0687654527641,logistic
780.0,398.0,402.48799615003986,404.6076150593282,402.48799615003986,logistic
781.0,400.0,402.9037442188989,404.8755194263318,402.9037442188989,logistic
782.0,401.0,403.3160306014426,405.1418197278753,403.3160306014426,logistic
783.0,403.0,403.7248762649516,405.4065244081602,403.7248762649516,logistic
784.0,403.0,404.1303021984135,405.66964188239524,404.1303021984135,logistic
785.0,404.0,404.53232940910976,405.93118053667206,404.53232940910976,logistic
786.0,404.0,404.9309789192637,406.19114872784456,404.9309789192637,logistic
787.0,405.0,405.3262717627473,406.44955478341205,405.3262717627473,logistic
788.0,406.0,405.7182289818483,406.70640700140723,405.7182289818483,logistic
789.0,409.0,406.10687162409647,406.9617136502878,406.10687162409647,logistic
790.0,409.0,406.492220739148,407.2154829688321,406.492220739148,logistic
791.0,410.0,406.8742973757299,407.4677231660392,406.8742973757299,logistic
792.0,411.0,407.25312257864084,407.71844242103236,407.25312257864084,logistic
793.0,411.0,407.62871738581083,407.9676488829666,407.62871738581083,logistic
794.0,412.0,408.0011028254184,408.2153506709399,408.0011028254184,logistic
795.0,412.0,408.3702999130638,408.4615558739085,408.3702999130638,logistic
796.0,414.0,408.7363296489997,408.70627255060543,408.7363296489997,logistic
797.0,415.0,409.09921301541755,408.94950872946305,409.09921301541755,logistic
798.0,415.0,409.4589709737897,409.191272408539,409.4589709737897,logistic
799.0,416.0,409.81562446226667,409.4315715554459,409.81562446226667,logistic
800.0,416.0,410.16919439312903,409.6704141072839,410.16919439312903,logistic
801.0,416.0,410.5197016502944,409.9078079705775,410.5197016502944,logistic
802.0,416.0,410.86716708687686,410.14376102121525,410.86716708687686,logistic
803.0,416.0,411.2116115228011,410.37828110439284,411.2116115228011,logistic
804.0,416.0,411.55305574246813,410.6113760345594,411.55305574246813,logistic
805.0,417.0,411.8915204924741,410.84305359536734,411.8915204924741,logistic
806.0,418.0,412.2270264793809,411.0733215396249,412.2270264793809,logistic
807.0,418.0,412.5595943675372,411.30218758925224,412.5595943675372,logistic
808.0,418.0,412.88924477695167,411.52965943524043,412.88924477695167,logistic
809.0,418.0,413.2159982812146,411.75574473761327,413.2159982812146,logistic
810.0,420.0,413.539875405471,411.98045112539256,413.539875405471,logistic
811.0,420.0,413.8608966244414,412.203786196566,413.8608966244414,logistic
812.0,422.0,414.1790823604922,412.42575751805765,414.1790823604922,logistic
813.0,422.0,414.4944529817535,412.6463726257022,414.4944529817535,logistic
814.0,423.0,414.80702880028457,412.8656390242211,414.80702880028457,logistic
815.0,423.0,415.1168300702862,413.0835641872016,415.1168300702862,logistic
816.0,423.0,415.42387698635974,413.3001555570791,415.42387698635974,logistic
817.0,423.0,415.72818968181133,413.5154205451214,415.72818968181133,logistic
818.0,423.0,416.0297882270017,413.72936653141625,416.0297882270017,logistic
819.0,423.0,416.32869262774085,413.94200086486074,416.32869262774085,logistic
820.0,424.0,416.6249228237262,414.153330863154,416.6249228237262,logistic
821.0,424.0,416.91849868702514,414.36336381279176,416.91849868702514,logistic
822.0,424.0,417.20944002059963,414.5721069690637,417.20944002059963,logistic
823.0,424.0,417.49776655687356,414.7795675560533,417.49776655687356,logistic
824.0,424.0,417.7834979563421,414.98575276663956,417.7834979563421,logistic
825.0,425.0,418.0666538062221,415.1906697625019,418.0666538062221,logistic
826.0,425.0,418.34725361914303,415.3943256741262,418.34725361914303,logistic
827.0,425.0,418.6253168318779,415.59672760081435,418.6253168318779,logistic
828.0,425.0,418.9008628041146,415.7978826106948,418.9008628041146,logistic
829.0,425.0,419.17391081726464,415.99779774073653,419.17391081726464,logistic
830.0,426.0,419.4444800733116,416.19647999676386,419.4444800733116,logistic
831.0,426.0,419.71258969369654,416.39393635347466,419.71258969369654,logistic
832.0,426.0,419.97825871824165,416.59017375445933,419.97825871824165,logistic
833.0,427.0,420.2415061041087,416.78519911222287,420.2415061041087,logistic
834.0,427.0,420.5023507247961,416.9790193082084,420.5023507247961,logistic
835.0,428.0,420.760811369169,417.1716411928228,420.760811369169,logistic
836.0,429.0,421.01690674052645,417.3630715854641,421.01690674052645,logistic
837.0,429.0,421.27065545570133,417.55331727455103,421.27065545570133,logistic
838.0,429.0,421.52207604419556,417.7423850175541,421.52207604419556,logistic
839.0,429.0,421.77118694734725,417.93028154102893,421.77118694734725,logistic
840.0,429.0,422.018006517532,418.1170135406509,422.018006517532,logistic
841.0,429.0,422.262553017395,418.3025876812516,422.262553017395,logistic
842.0,430.0,422.5048446191163,418.4870105968576,422.5048446191163,logistic
843.0,430.0,422.7448994037058,418.67028889073003,422.7448994037058,logistic
844.0,430.0,422.98273536033,418.85242913540657,422.98273536033,logistic
845.0,430.0,423.21837038566787,419.03343787274434,423.21837038566787,logistic
846.0,430.0,423.45182228329713,419.2133216139651,423.45182228329713,logistic
847.0,430.0,423.68310876310903,419.39208683970173,423.68310876310903,logistic
848.0,430.0,423.91224744075134,419.5697400000457,423.91224744075134,logistic
849.0,430.0,424.13925583710034,419.74628751459727,424.13925583710034,logistic
850.0,430.0,424.36415137775936,419.9217357725156,424.36415137775936,logistic
851.0,430.0,424.58695139258435,420.0960911325719,424.58695139258435,logistic
852.0,431.0,424.8076731152368,420.2693599232026,424.8076731152368,logistic
853.0,431.0,425.0263336827612,420.44154844256497,425.0263336827612,logistic
854.0,431.0,425.2429501351894,420.61266295859326,425.2429501351894,logistic
855.0,431.0,425.457539415169,420.7827097090567,425.457539415169,logistic
856.0,431.0,425.67011836761657,420.95169490161885,425.67011836761657,logistic
857.0,431.0,425.88070373939485,421.1196247138979,425.88070373939485,logistic
858.0,433.0,426.08931217901375,421.28650529352797,426.08931217901375,logistic
859.0,433.0,426.2959602363538,421.4523427582227,426.2959602363538,logistic
860.0,433.0,426.5006643624128,421.6171431958387,426.5006643624128,logistic
861.0,434.0,426.7034409090745,421.7809126644412,426.7034409090745,logistic
862.0,434.0,426.9043061288987,421.9436571923702,426.9043061288987,logistic
863.0,434.0,427.1032761749327,422.10538277830824,427.1032761749327,logistic
864.0,434.0,427.3003671005442,422.26609539134876,427.3003671005442,logistic
865.0,434.0,427.49559485927307,422.425800971066,427.49559485927307,logistic
866.0,434.0,427.68897530470497,422.5845054275854,427.68897530470497,logistic
867.0,434.0,427.8805241903625,422.7422146416558,427.8805241903625,logistic
868.0,434.0,428.0702571696172,422.8989344647218,428.0702571696172,logistic
869.0,434.0,428.258189795619,423.0546707189976,428.258189795619,logistic
870.0,434.0,428.44433752124405,423.2094291975418,428.44433752124405,logistic
871.0,435.0,428.6287156990613,423.36321566433287,428.6287156990613,logistic
872.0,435.0,428.81133958131505,423.5160358543456,428.81133958131505,logistic
873.0,435.0,428.9922243199261,423.6678954736288,428.9922243199261,logistic
874.0,437.0,429.1713849665082,423.818800199383,429.1713849665082,logistic
875.0,437.0,429.34883647240133,423.96875568004026,429.34883647240133,logistic
876.0,437.0,429.5245936887211,424.1177675353435,429.5245936887211,logistic
877.0,437.0,429.69867136642296,424.26584135642764,429.69867136642296,logistic
878.0,437.0,429.8710841563827,424.4129827059008,429.8710841563827,logistic
879.0,437.0,430.0418466094898,424.55919711792683,430.0418466094898,logistic
880.0,437.0,430.2109731767572,424.7044900983082,430.2109731767572,logistic
881.0,437.0,430.37847820944376,424.84886712456967,430.37847820944376,logistic
882.0,437.0,430.544375959191,424.99233364604294,430.544375959191,logistic
883.0,437.0,430.7086805781728,425.13489508395145,430.7086805781728,logistic
884.0,437.0,430.87140611925855,425.2765568314967,430.87140611925855,logistic
885.0,437.0,431.0325665361887,425.41732425394406,431.0325665361887,logistic
886.0,438.0,431.1921756837627,425.5572026887103,431.1921756837627,logistic
887.0,438.0,431.3502473180382,425.696197445451,431.3502473180382,logistic
888.0,438.0,431.50679509654384,425.834313806149,431.50679509654384,logistic
889.0,438.0,431.6618325785014,425.9715570252031,431.6618325785014,logistic
890.0,438.0,431.81537322505955,426.1079323295178,431.81537322505955,logistic
891.0,438.0,431.96743039953947,426.24344491859256,431.96743039953947,logistic
892.0,438.0,432.1180173676893,426.37809996461306,432.1180173676893,logistic
893.0,438.0,432.26714729794975,426.5119026125417,432.26714729794975,logistic
894.0,438.0,432.41483326172965,426.64485798020917,432.41483326172965,logistic
895.0,438.0,432.5610882336899,426.7769711584066,432.5610882336899,logistic
896.0,438.0,432.7059250920385,426.90824721097755,432.7059250920385,logistic
897.0,438.0,432.8493566188329,427.03869117491143,432.8493566188329,logistic
898.0,439.0,432.99139550029247,427.1683080604364,432.99139550029247,logistic
899.0,439.0,433.132054327118,427.29710285111304,433.132054327118,logistic
900.0,440.0,433.2713455948214,427.42508050392865,433.2713455948214,logistic
901.0,440.0,433.40928170406096,427.5522459493919,433.40928170406096,logistic
902.0,440.0,433.5458749609863,427.6786040916272,433.5458749609863,logistic
903.0,440.0,433.68113757759,427.80415980847044,433.68113757759,logistic
904.0,440.0,433.8150816720661,427.9289179515643,433.8150816720661,logistic
905.0,440.0,433.94771926917616,428.05288334645405,433.94771926917616,logistic
906.0,440.0,434.07906230062184,428.17606079268404,434.07906230062184,logistic
907.0,441.0,434.2091226054239,428.2984550638941,434.2091226054239,logistic
908.0,441.0,434.33791193030737,428.42007090791634,434.33791193030737,logistic
909.0,441.0,434.4654419300933,428.54091304687205,434.4654419300933,logistic
910.0,441.0,434.59172416809565,428.66098617726965,434.59172416809565,logistic
911.0,441.0,434.71677011652423,428.7802949701016,434.71677011652423,logistic
912.0,442.0,434.84059115689314,428.8988440709426,434.84059115689314,logistic
913.0,442.0,434.9631985804338,429.0166381000478,434.9631985804338,logistic
914.0,442.0,435.0846035885136,429.1336816524508,435.0846035885136,logistic
915.0,442.0,435.20481729305914,429.24997929806216,435.20481729305914,logistic
916.0,442.0,435.32385071698405,429.3655355817686,435.32385071698405,logistic
917.0,443.0,435.44171479462125,429.48035502353116,435.44171479462125,logistic
918.0,444.0,435.55842037215916,429.5944421184848,435.55842037215916,logistic
919.0,444.0,435.6739782080827,429.7078013370372,435.6739782080827,logistic
920.0,444.0,435.78839897361723,429.8204371249687,435.78839897361723,logistic
921.0,444.0,435.9016932531765,429.9323539035311,435.9016932531765,logistic
922.0,445.0,436.0138715448148,430.04355606954783,436.0138715448148,logistic
923.0,445.0,436.12494426068116,430.1540479955134,436.12494426068116,logistic
924.0,445.0,436.2349217274779,430.2638340296933,436.2349217274779,logistic
925.0,445.0,436.3438141869215,430.37291849622443,436.3438141869215,logistic
926.0,445.0,436.4516317962065,430.48130569521425,436.4516317962065,logistic
927.0,445.0,436.5583846284725,430.58899990284164,436.5583846284725,logistic
928.0,445.0,436.6640826732726,430.69600537145686,436.6640826732726,logistic
929.0,445.0,436.76873583704594,430.8023263296819,436.76873583704594,logistic
930.0,446.0,436.8723539435909,430.9079669825105,436.8723539435909,logistic
931.0,446.0,436.9749467345412,431.012931511409,436.9749467345412,logistic
932.0,446.0,437.07652386984375,431.11722407441624,437.07652386984375,logistic
933.0,446.0,437.1770949282386,431.22084880624413,437.1770949282386,logistic
934.0,446.0,437.2766694077403,431.32380981837844,437.2766694077403,logistic
935.0,446.0,437.375256726121,431.4261111991787,437.375256726121,logistic
936.0,446.0,437.4728662213949,431.52775701397906,437.4728662213949,logistic
937.0,446.0,437.56950715230397,431.62875130518836,437.56950715230397,logistic
938.0,446.0,437.6651886988049,431.7290980923909,437.6651886988049,logistic
939.0,446.0,437.75991996255783,431.8288013724468,437.75991996255783,logistic
940.0,446.0,437.8537099674144,431.92786511959207,437.8537099674144,logistic
941.0,446.0,437.9465676599084,432.0262932855393,437.9465676599084,logistic
942.0,446.0,438.03850190974623,432.1240897995777,438.03850190974623,logistic
943.0,446.0,438.12952151029805,432.2212585686734,438.12952151029805,logistic
944.0,446.0,438.21963517908983,432.3178034775699,438.21963517908983,logistic
945.0,446.0,438.3088515582955,432.41372838888765,438.3088515582955,logistic
946.0,446.0,438.39717921522964,432.50903714322465,438.39717921522964,logistic
947.0,446.0,438.4846266428401,432.60373355925594,438.4846266428401,logistic
948.0,446.0,438.57120226020106,432.6978214338338,438.57120226020106,logistic
949.0,446.0,438.65691441300595,432.79130454208735,438.65691441300595,logistic
950.0,446.0,438.7417713740608,432.8841866375224,438.7417713740608,logistic
951.0,446.0,438.8257813437765,432.9764714521209,438.8257813437765,logistic
952.0,446.0,438.9089524506617,433.06816269644037,438.9089524506617,logistic
953.0,446.0,438.9912927518151,433.15926405971345,438.9912927518151,logistic
954.0,446.0,439.07281023341744,433.24977920994684,439.07281023341744,logistic
955.0,446.0,439.15351281122264,433.3397117940208,439.15351281122264,logistic
956.0,446.0,439.2334083310491,433.4290654377876,439.2334083310491,logistic
957.0,446.0,439.3125045692697,433.51784374617085,439.3125045692697,logistic
958.0,446.0,439.3908092333017,433.6060503032639,439.3908092333017,logistic
959.0,446.0,439.4683299620954,433.69368867242855,439.4683299620954,logistic
960.0,446.0,439.5450743266222,433.780762396393,439.5450743266222,logistic
961.0,446.0,439.6210498303618,433.8672749973509,439.6210498303618,logistic
962.0,446.0,439.6962639097882,433.9532299770584,439.6962639097882,logistic
963.0,446.0,439.77072393485514,434.0386308169328,439.77072393485514,logistic
964.0,446.0,439.8444372094799,434.12348097815004,439.8444372094799,logistic
965.0,446.0,439.9174109720267,434.207783901742,439.9174109720267,logistic
966.0,446.0,439.9896523957877,434.2915430086942,439.9896523957877,logistic
967.0,446.0,440.0611685894641,434.37476170004265,440.0611685894641,logistic
968.0,446.0,440.131966597645,434.45744335697105,440.131966597645,logistic
969.0,446.0,440.2020534012855,434.53959134090746,440.2020534012855,logistic
970.0,447.0,440.2714359181828,434.6212089936209,440.2714359181828,logistic
971.0,447.0,440.3401210034513,434.70229963731754,440.3401210034513,logistic
972.0,447.0,440.4081154499958,434.7828665747372,440.4081154499958,logistic
973.0,447.0,440.4754259889838,434.8629130892491,440.4754259889838,logistic
974.0,447.0,440.5420592903151,434.94244244494746,440.5420592903151,logistic
975.0,447.0,440.6080219630914,435.02145788674716,440.6080219630914,logistic
976.0,447.0,440.67332055608233,435.09996264047896,440.67332055608233,logistic
977.0,447.0,440.73796155819093,435.1779599129848,440.73796155819093,logistic
978.0,447.0,440.8019513989175,435.2554528922121,440.8019513989175,logistic
979.0,447.0,440.86529644882063,435.33244474730884,440.86529644882063,logistic
980.0,447.0,440.9280030199773,435.4089386287177,440.9280030199773,logistic
981.0,447.0,440.99007736644114,435.4849376682702,440.99007736644114,logistic
982.0,447.0,441.0515256846979,435.56044497928053,441.0515256846979,logistic
983.0,447.0,441.11235411411946,435.6354636566393,441.11235411411946,logistic
984.0,447.0,441.1725687374169,435.7099967769065,441.1725687374169,logistic
985.0,447.0,441.2321755810894,435.7840473984053,441.2321755810894,logistic
986.0,447.0,441.2911806158732,435.8576185613143,441.2911806158732,logistic
987.0,447.0,441.3495897571871,435.9307132877605,441.3495897571871,logistic
988.0,447.0,441.4074088655768,436.00333458191136,441.4074088655768,logistic
989.0,447.0,441.4646437471565,436.0754854300671,441.4646437471565,logistic
990.0,447.0,441.5213001540485,436.1471688007524,441.5213001540485,logistic
991.0,447.0,441.57738378482094,436.2183876448078,441.57738378482094,logistic
992.0,447.0,441.6329002849233,436.28914489548157,441.6329002849233,logistic
993.0,447.0,441.6878552471191,436.3594434685197,441.6878552471191,logistic
994.0,447.0,441.74225421191727,436.4292862622576,441.74225421191727,logistic
995.0,447.0,441.79610266800063,436.4986761577099,441.79610266800063,logistic
996.0,447.0,441.8494060526524,436.56761601866083,441.8494060526524,logistic
997.0,447.0,441.9021697521805,436.63610869175426,441.9021697521805,logistic
998.0,447.0,441.954399102339,436.70415700658276,441.954399102339,logistic
999.0,447.0,442.0060993887481,436.77176377577774,442.0060993887481,logistic
